appl_id,project,nctid
9524666,DA044279-01A1,NCT04752189
9530717,DA044745-01A1,NCT03799302
9537037,AT009932-01,NCT04082637
9613911,HD096796-01,NCT03831113
9613939,HD096798-01,NCT03718104
9614028,HD096800-01,NCT03923374
9621132,DA046316-01A1,NCT04683926
9621475,NR017575-01A1,NCT04468074
9625715,AT010106-01,NCT04433975
9627632,AT010125-01,NCT03798431
9661530,DA045695-01A1,NCT03698669
9670620,DA047682-01,NCT04406415
9674144,DA047714-01,NCT03950492
9677487,DA047720-01,NCT03810495
9677487,DA047720-01,NCT04716881
9680488,DA047779-01,NCT03845699
9683950,DA047793-01,NCT03842137
9693455,DA042859-02S1,NCT04776928
9697952,DA047925-01,NCT04828694
9707184,MH113136-02S2,NCT03543865
9712327,DA047982-01,NCT04219540
9728195,DA040314-04S3,NCT03407638
9728195,DA040314-04S3,NCT04535583
9729182,DA038999-05S1,NCT02537873
9729182,DA038999-05S1,NCT03143543
9729182,DA038999-05S1,NCT03143855
9729182,DA038999-05S1,NCT03495869
9730925,DA040314-04S4,NCT03407638
9730925,DA040314-04S4,NCT04535583
9736358,DA048375-01,NCT04104919
9736906,DA048388-01,NCT03787628
9739674,DA047094-01A1,NCT03980184
9740762,DA036221-05S2,NCT02672150
9743427,DA020024-14S2,NCT01675661
9743427,DA020024-14S2,NCT01982643
9743427,DA020024-14S2,NCT03078075
9743427,DA020024-14S2,NCT04059016
9743491,DA040309-04S3,NCT02915341
9743491,DA040309-04S3,NCT04155502
9743491,DA040309-04S3,NCT04535583
9743910,AT009293-03S1,NCT02868034
9743912,AT008559-02S1,NCT03687762
9743912,AT008559-02S1,NCT03916276
9745990,DA046635-01A1,NCT03959111
9746820,GM104942-03S1,NCT02195115
9750304,DA048508-01,NCT04495673
9751487,DA043122-03S1,NCT03369249
9752059,DA036221-05S3,NCT02672150
9752121,DA044826-02S1,NCT04268173
9752205,EB020404-05S1,NCT03184389
9754499,HD095254-01S1,NCT01353313
9754499,HD095254-01S1,NCT01702805
9754499,HD095254-01S1,NCT01793129
9754499,HD095254-01S1,NCT02951130
9754499,HD095254-01S1,NCT03169881
9754499,HD095254-01S1,NCT03340727
9754499,HD095254-01S1,NCT03456336
9755186,NR016681-02S1,NCT03432247
9755186,NR016681-02S1,NCT03782506
9765878,DA013727-19S1,NCT01675661
9765878,DA013727-19S1,NCT03078075
9765878,DA013727-19S1,NCT03918850
9765878,DA013727-19S1,NCT04907357
9767352,DE025633-03S1,NCT03724032
9771125,HL117664-05S2,NCT02212691
9772615,DA040316-04S3,NCT03559179
9772615,DA040316-04S3,NCT04198428
9772615,DA040316-04S3,NCT04345718
9772615,DA040316-04S3,NCT04867382
9772615,DA040316-04S3,NCT04921787
9775669,DE027441-02S1,NCT03584789
9778453,DA043288-02,NCT04027075
9778797,DA047682-02,NCT04406415
9778810,DA047720-02,NCT03810495
9778810,DA047720-02,NCT04716881
9787703,DA047682-02S1,NCT04406415
9788385,DA047714-02,NCT03950492
9788396,DA047793-02,NCT03842137
9790420,DA048734-01,NCT03789214
9794170,DA048743-01,NCT04901078
9816476,DA037621-05S1,NCT01992146
9816476,DA037621-05S1,NCT02684669
9820284,DA040316-04S4,NCT03559179
9820284,DA040316-04S4,NCT04198428
9820284,DA040316-04S4,NCT04345718
9820284,DA040316-04S4,NCT04867382
9820284,DA040316-04S4,NCT04921787
9821308,DA045745-02S1,NCT03545321
9821520,DA047793-01S1,NCT03842137
9828948,NS113269-01,NCT04241562
9829976,HD036801-22,NCT00014989
9829976,HD036801-22,NCT00069576
9829976,HD036801-22,NCT00098709
9829976,HD036801-22,NCT00135902
9829976,HD036801-22,NCT00388297
9829976,HD036801-22,NCT00439374
9829976,HD036801-22,NCT01222247
9829976,HD036801-22,NCT01376778
9829976,HD036801-22,NCT01959321
9829976,HD036801-22,NCT01990612
9829976,HD036801-22,NCT02518594
9829976,HD036801-22,NCT02901626
9829976,HD036801-22,NCT03364491
9829976,HD036801-22,NCT03487185
9829976,HD036801-22,NCT03944512
9833506,DA048375-02,NCT04104919
9833817,DA049394-01,NCT04111939
9836991,DA049406-01,NCT04111939
9837108,DA049412-01,NCT04111939
9837181,DA049415-01,NCT04111939
9837189,DA049417-01,NCT04111939
9837724,DA049435-01,NCT04418453
9837725,DA049436-01,NCT03918850
9837725,DA049436-01,NCT04218201
9838598,DA049444-01,NCT03918850
9838598,DA049444-01,NCT03936985
9839338,DA049468-01,NCT03918850
9843839,DA049599-01,NCT04475198
9848027,DA049631-01,NCT04491175
9848027,DA049631-01,NCT04494841
9848085,DA049630-01,NCT04236804
9848092,DA049629-01,NCT04656899
9848313,DA049623-01,NCT04244227
9848902,NS113661-01,NCT04085406
9849933,DA044053-02S1,NCT03779997
9851383,DA047925-02,NCT04828694
9852022,DA049694-01,NCT04218240
9852791,DA045085-01S1,NCT04400227
9853004,DA044279-02,NCT04752189
9853679,DA040309-04S4,NCT02915341
9853679,DA040309-04S4,NCT04155502
9853679,DA040309-04S4,NCT04535583
9856648,DA044522-16S1,NCT01088542
9856692,DA040316-04S5,NCT03559179
9856692,DA040316-04S5,NCT04198428
9856692,DA040316-04S5,NCT04345718
9856692,DA040316-04S5,NCT04867382
9856692,DA040316-04S5,NCT04921787
9857255,DA045396-02S1,NCT03655574
9858490,DA013732-19S3,NCT03023930
9858490,DA013732-19S3,NCT03275350
9858490,DA013732-19S3,NCT03911466
9858490,DA013732-19S3,NCT03911739
9858490,DA013732-19S3,NCT03918850
9858490,DA013732-19S3,NCT03936985
9860339,DA042059-04S2,NCT03241771
9860339,DA042059-04S2,NCT03337009
9860339,DA042059-04S2,NCT03337100
9860960,DA041434-03S1,NCT03015805
9867305,AT010604-01,NCT04080180
9867305,AT010604-01,NCT04464421
9867305,AT010604-01,NCT04693416
9867305,AT010604-01,NCT05075330
9867903,AT010799-01,NCT04248933
9868568,DA051241-01,NCT04648228
9869089,AR076387-01,NCT04683042
9869182,AT010621-01,NCT04129450
9869416,AT010802-01,NCT04233671
9869480,AG067493-01,NCT04523714
9869503,AT010806-01,NCT04736550
9869524,AT010614-01,NCT04173416
9870024,NR019196-01,NCT04395001
9870205,AR077360-01,NCT04504812
9870905,DA045695-02,NCT03698669
9875961,DA013732-19S4,NCT03023930
9875961,DA013732-19S4,NCT03275350
9875961,DA013732-19S4,NCT03911466
9875961,DA013732-19S4,NCT03911739
9875961,DA013732-19S4,NCT03918850
9875961,DA013732-19S4,NCT03936985
9876435,AG067593-01,NCT04336592
9876435,AG067593-01,NCT04570371
9879277,DA013035-17S7,NCT02032433
9879277,DA013035-17S7,NCT04289363
9879277,DA013035-17S7,NCT04464980
9879277,DA013035-17S7,NCT04762537
9881202,AR076573-01,NCT04409353
9881407,HL150551-01,NCT04262193
9881969,AR076568-01,NCT04747314
9881988,HL150835-01,NCT04287062
9882011,HL150568-01,NCT04299490
9882365,AT009932-02,NCT04082637
9882422,DA050077-01,NCT04408313
9882684,DA050074-01,NCT04276792
9882727,DA050072-01,NCT04309565
9882751,DA050071-01,NCT04216719
9882751,DA050071-01,NCT04873401
9882789,DA050069-01,NCT04069624
9888546,DA040317-05S2,NCT01966432
9888546,DA040317-05S2,NCT03248947
9888864,DA050174-01,NCT04135703
9889568,DA050173-01,NCT04550715
9890338,DA050251-01,NCT04109599
9892107,AT010797-01,NCT04433975
9892321,DA050234-01,NCT04839978
9892437,DA050235-01,NCT04617938
9892763,DA050189-01,NCT04901312
9893166,AT010742-01,NCT04082637
9893173,DA050250-01,NCT04678960
9897862,DA040314-05S3,NCT03407638
9897862,DA040314-05S3,NCT04535583
9898037,DA040314-05S4,NCT03407638
9898037,DA040314-05S4,NCT04535583
9898661,NS115111-01,NCT05045625
9899225,DA048734-02,NCT03789214
9899239,DA047094-02,NCT03980184
9899660,NS115118-01,NCT03894553
9900356,DK123786-01,NCT04571619
9900385,DK123787-01,NCT04571619
9901129,DA040316-05S3,NCT03559179
9901129,DA040316-05S3,NCT04198428
9901129,DA040316-05S3,NCT04345718
9901129,DA040316-05S3,NCT04867382
9901129,DA040316-05S3,NCT04921787
9901274,DA013727-20S3,NCT01675661
9901274,DA013727-20S3,NCT03078075
9901274,DA013727-20S3,NCT03918850
9901274,DA013727-20S3,NCT04907357
9901399,DA040309-05S5,NCT02915341
9901399,DA040309-05S5,NCT04155502
9901399,DA040309-05S5,NCT04535583
9901704,DK123812-01,NCT04571619
9901764,DK123813-01,NCT04571619
9901871,DK123814-01,NCT04571619
9901874,HD101059-01,NCT04149509
9901983,DA013035-17S8,NCT02032433
9901983,DA013035-17S8,NCT04289363
9901983,DA013035-17S8,NCT04464980
9901983,DA013035-17S8,NCT04762537
9902068,DK123816-01,NCT04571619
9902084,DK123817-01,NCT04571619
9902131,DK123818-01,NCT04571619
9902582,DK123821-01,NCT04571619
9902690,DA040316-05S4,NCT03559179
9902690,DA040316-05S4,NCT04198428
9902690,DA040316-05S4,NCT04345718
9902690,DA040316-05S4,NCT04867382
9902690,DA040316-05S4,NCT04921787
9902691,DA040316-05S2,NCT03559179
9902691,DA040316-05S2,NCT04198428
9902691,DA040316-05S2,NCT04345718
9902691,DA040316-05S2,NCT04867382
9902691,DA040316-05S2,NCT04921787
9902694,DA040316-05S5,NCT03559179
9902694,DA040316-05S5,NCT04198428
9902694,DA040316-05S5,NCT04345718
9902694,DA040316-05S5,NCT04867382
9902694,DA040316-05S5,NCT04921787
9902764,MH121942-01,NCT04600414
9903903,MH121944-01,NCT04245423
9905069,MH121954-01,NCT04559893
9905069,MH121954-01,NCT04634279
9905170,DA050325-01,NCT04199728
9905868,DA013732-20S3,NCT03023930
9905868,DA013732-20S3,NCT03275350
9905868,DA013732-20S3,NCT03911466
9905868,DA013732-20S3,NCT03911739
9905868,DA013732-20S3,NCT03918850
9905868,DA013732-20S3,NCT03936985
9906533,DA040314-05S5,NCT03407638
9906533,DA040314-05S5,NCT04535583
9906729,DA040314-05S6,NCT03407638
9906729,DA040314-05S6,NCT04535583
9910942,DA050358-01,NCT04340622
9912034,DA050398-01,NCT05006846
9912034,DA050398-01,NCT05017272
9912651,DA050380-01,NCT04551092
9913686,DA015831-18S7,NCT03023930
9913686,DA015831-18S7,NCT03985163
9913686,DA015831-18S7,NCT04200339
9913686,DA015831-18S7,NCT04464980
9914450,DA015831-18S4,NCT03023930
9914450,DA015831-18S4,NCT03985163
9914450,DA015831-18S4,NCT04200339
9914450,DA015831-18S4,NCT04464980
9914612,DA013035-17S9,NCT02032433
9914612,DA013035-17S9,NCT04289363
9914612,DA013035-17S9,NCT04464980
9914612,DA013035-17S9,NCT04762537
9914688,DA013035-17SA,NCT02032433
9914688,DA013035-17SA,NCT04289363
9914688,DA013035-17SA,NCT04464980
9914688,DA013035-17SA,NCT04762537
9916032,DA013035-17SB,NCT02032433
9916032,DA013035-17SB,NCT04289363
9916032,DA013035-17SB,NCT04464980
9916032,DA013035-17SB,NCT04762537
9916048,DA015831-17S4,NCT03023930
9916048,DA015831-17S4,NCT03985163
9916048,DA015831-17S4,NCT04200339
9916048,DA015831-17S4,NCT04464980
9916056,DA015831-17S5,NCT03023930
9916056,DA015831-17S5,NCT03985163
9916056,DA015831-17S5,NCT04200339
9916056,DA015831-17S5,NCT04464980
9916202,DA015831-17S6,NCT03023930
9916202,DA015831-17S6,NCT03985163
9916202,DA015831-17S6,NCT04200339
9916202,DA015831-17S6,NCT04464980
9916346,DA015831-17S8,NCT03023930
9916346,DA015831-17S8,NCT03985163
9916346,DA015831-17S8,NCT04200339
9916346,DA015831-17S8,NCT04464980
9916746,DA046635-02,NCT03959111
9916836,DA040314-04S5,NCT03407638
9916836,DA040314-04S5,NCT04535583
9917054,DA040314-04S6,NCT03407638
9917054,DA040314-04S6,NCT04535583
9917086,DA047720-01S1,NCT03810495
9917086,DA047720-01S1,NCT04716881
9917193,DA040314-04S7,NCT03407638
9917193,DA040314-04S7,NCT04535583
9917748,DA049406-02,NCT04111939
9917749,DA049412-02,NCT04111939
9917750,DA049415-02,NCT04111939
9917751,DA049417-02,NCT04111939
9918723,DA013727-20S4,NCT01675661
9918723,DA013727-20S4,NCT03078075
9918723,DA013727-20S4,NCT03918850
9918723,DA013727-20S4,NCT04907357
9920935,DA015831-18S6,NCT03023930
9920935,DA015831-18S6,NCT03985163
9920935,DA015831-18S6,NCT04200339
9920935,DA015831-18S6,NCT04464980
9921149,DA040309-05S4,NCT02915341
9921149,DA040309-05S4,NCT04155502
9921149,DA040309-05S4,NCT04535583
9921320,DA043288-03,NCT04027075
9921776,DA040309-05S3,NCT02915341
9921776,DA040309-05S3,NCT04155502
9921776,DA040309-05S3,NCT04535583
9923412,DA013035-18S4,NCT02032433
9923412,DA013035-18S4,NCT04289363
9923412,DA013035-18S4,NCT04464980
9923412,DA013035-18S4,NCT04762537
9923816,DA036221-05S4,NCT02672150
9923866,DA013035-18S3,NCT02032433
9923866,DA013035-18S3,NCT04289363
9923866,DA013035-18S3,NCT04464980
9923866,DA013035-18S3,NCT04762537
9924845,DA013035-18S6,NCT02032433
9924845,DA013035-18S6,NCT04289363
9924845,DA013035-18S6,NCT04464980
9924845,DA013035-18S6,NCT04762537
9926627,DA015831-18S8,NCT03023930
9926627,DA015831-18S8,NCT03985163
9926627,DA015831-18S8,NCT04200339
9926627,DA015831-18S8,NCT04464980
9928319,DA013035-18S5,NCT02032433
9928319,DA013035-18S5,NCT04289363
9928319,DA013035-18S5,NCT04464980
9928319,DA013035-18S5,NCT04762537
9928595,DA015831-18S9,NCT03023930
9928595,DA015831-18S9,NCT03985163
9928595,DA015831-18S9,NCT04200339
9928595,DA015831-18S9,NCT04464980
9932780,NS115631-01,NCT04144972
9937717,DA049435-02,NCT04418453
9938533,DA049444-02,NCT03918850
9938533,DA049444-02,NCT03936985
9938535,DA049468-02,NCT03918850
9949667,DA049436-02,NCT03918850
9949667,DA049436-02,NCT04218201
9963442,AT010117-02,NCT04584502
9968898,DA040317-05S3,NCT01966432
9968898,DA040317-05S3,NCT03248947
9970641,DA015831-18S5,NCT03023930
9970641,DA015831-18S5,NCT03985163
9970641,DA015831-18S5,NCT04200339
9970641,DA015831-18S5,NCT04464980
9978015,DA050069-02,NCT04069624
9978016,DA050072-02,NCT04309565
9978018,DA050071-02,NCT04216719
9978018,DA050071-02,NCT04873401
9978019,DA050074-02,NCT04276792
9978020,DA050077-02,NCT04408313
9980028,DA044053-03S1,NCT03779997
9980049,DA040213-05S1,NCT03080259
9980635,TR001608-04S1,NCT03938857
9980635,TR001608-04S1,NCT04885530
9982460,AT010106-02,NCT04433975
9982464,AT010125-02,NCT04278586
9982464,AT010125-02,NCT04595084
9983354,HD095254-02S1,NCT01353313
9983354,HD095254-02S1,NCT01702805
9983354,HD095254-02S1,NCT01793129
9983354,HD095254-02S1,NCT02951130
9983354,HD095254-02S1,NCT03169881
9983354,HD095254-02S1,NCT03340727
9983354,HD095254-02S1,NCT03456336
9983431,DA048502-01A1,NCT04556552
9990159,DA013727-20S5,NCT01675661
9990159,DA013727-20S5,NCT03078075
9990159,DA013727-20S5,NCT03918850
9990159,DA013727-20S5,NCT04907357
9993931,DA048756-01S1,NCT04532619
9993931,DA048756-01S1,NCT04793464
9998189,HD036801-21S1,NCT00014989
9998189,HD036801-21S1,NCT00069576
9998189,HD036801-21S1,NCT00098709
9998189,HD036801-21S1,NCT00135902
9998189,HD036801-21S1,NCT00388297
9998189,HD036801-21S1,NCT00439374
9998189,HD036801-21S1,NCT01222247
9998189,HD036801-21S1,NCT01376778
9998189,HD036801-21S1,NCT01959321
9998189,HD036801-21S1,NCT01990612
9998189,HD036801-21S1,NCT02518594
9998189,HD036801-21S1,NCT02901626
9998189,HD036801-21S1,NCT03364491
9998189,HD036801-21S1,NCT03487185
9998189,HD036801-21S1,NCT03944512
10013399,DA051272-01,NCT04945525
10020199,NS113661-02,NCT04085406
10020320,AT010106-03,NCT04433975
10020323,AT010117-03,NCT04584502
10021225,CA189824-06S1,NCT01988571
10021225,CA189824-06S1,NCT02063828
10021225,CA189824-06S1,NCT02589938
10021225,CA189824-06S1,NCT02791581
10021225,CA189824-06S1,NCT02822573
10021225,CA189824-06S1,NCT03060096
10021225,CA189824-06S1,NCT03148080
10021225,CA189824-06S1,NCT03291587
10021225,CA189824-06S1,NCT03475186
10021225,CA189824-06S1,NCT03746314
10021225,CA189824-06S1,NCT03935282
10021225,CA189824-06S1,NCT03963739
10021225,CA189824-06S1,NCT03998202
10021225,CA189824-06S1,NCT04208490
10021225,CA189824-06S1,NCT04462302
10021545,AT010125-03,NCT04278586
10021545,AT010125-03,NCT04595084
10022112,DA050189-02,NCT04901312
10022118,DA050325-02,NCT04199728
10023176,DA050251-02,NCT04109599
10023961,NS115118-02,NCT03894553
10025176,DA049599-02,NCT04475198
10025192,NS115631-02,NCT04144972
10026086,DA048508-02,NCT04495673
10026953,DA051392-01,NCT04447287
10026953,DA051392-01,NCT04448561
10029002,DA046316-02,NCT04683926
10087991,DK123813-01S1,NCT04571619
10098313,DA045695-03,NCT03698669
10113419,MH115840-03,NCT04201184
10127813,AT009763-04S1,NCT04172038
10127813,AT009763-04S1,NCT04770480
10130155,HD101059-01S1,NCT04149509
10131167,DA046635-03,NCT03959111
10133359,DA049631-02,NCT04491175
10133359,DA049631-02,NCT04494841
10133699,HD095254-04,NCT00005772
10133699,HD095254-04,NCT00005773
10133699,HD095254-04,NCT00005774
10133699,HD095254-04,NCT00005775
10133699,HD095254-04,NCT00005776
10133699,HD095254-04,NCT00005777
10133699,HD095254-04,NCT00009620
10133699,HD095254-04,NCT00009633
10133699,HD095254-04,NCT00009646
10133699,HD095254-04,NCT00011362
10133699,HD095254-04,NCT00016523
10133699,HD095254-04,NCT00063063
10133699,HD095254-04,NCT00067613
10133699,HD095254-04,NCT00109525
10133699,HD095254-04,NCT00114543
10133699,HD095254-04,NCT00233324
10133699,HD095254-04,NCT00273325
10133699,HD095254-04,NCT00349726
10133699,HD095254-04,NCT00598429
10133699,HD095254-04,NCT00614744
10133699,HD095254-04,NCT00873847
10133699,HD095254-04,NCT00874367
10133699,HD095254-04,NCT00874393
10133699,HD095254-04,NCT00882284
10133699,HD095254-04,NCT01029353
10133699,HD095254-04,NCT01030575
10133699,HD095254-04,NCT01035697
10133699,HD095254-04,NCT01192776
10133699,HD095254-04,NCT01193270
10133699,HD095254-04,NCT01203345
10133699,HD095254-04,NCT01203358
10133699,HD095254-04,NCT01203410
10133699,HD095254-04,NCT01203423
10133699,HD095254-04,NCT01203436
10133699,HD095254-04,NCT01203449
10133699,HD095254-04,NCT01203475
10133699,HD095254-04,NCT01203488
10133699,HD095254-04,NCT01203501
10133699,HD095254-04,NCT01203514
10133699,HD095254-04,NCT01222364
10133699,HD095254-04,NCT01223261
10133699,HD095254-04,NCT01223274
10133699,HD095254-04,NCT01223287
10133699,HD095254-04,NCT01353313
10133699,HD095254-04,NCT01467076
10133699,HD095254-04,NCT01534481
10133699,HD095254-04,NCT01702805
10133699,HD095254-04,NCT01793129
10133699,HD095254-04,NCT01954056
10133699,HD095254-04,NCT01954082
10133699,HD095254-04,NCT02160002
10133699,HD095254-04,NCT02410486
10133699,HD095254-04,NCT02951130
10133699,HD095254-04,NCT03169881
10133699,HD095254-04,NCT03340727
10133699,HD095254-04,NCT03456336
10135213,AT011265-01,NCT04906447
10135903,DA049631-03,NCT04491175
10135903,DA049631-03,NCT04494841
10136565,DA047094-03,NCT03980184
10136935,MH121738-02S2,NCT04846504
10140552,DA040316-06S3,NCT03559179
10140552,DA040316-06S3,NCT04198428
10140552,DA040316-06S3,NCT04345718
10140552,DA040316-06S3,NCT04867382
10140552,DA040316-06S3,NCT04921787
10140834,MH121954-01S1,NCT04559893
10140834,MH121954-01S1,NCT04634279
10141215,DA050077-03,NCT04408313
10141532,DA050174-02S1,NCT04135703
10142414,DA049406-03,NCT04111939
10143219,DA049415-03,NCT04111939
10143220,DA049444-03,NCT03918850
10143220,DA049444-03,NCT03936985
10143221,DA049468-03,NCT03918850
10144414,DA049435-03,NCT04418453
10146327,DA049412-03,NCT04111939
10146328,DA049417-03,NCT04111939
10146329,DA050071-03,NCT04216719
10146329,DA050071-03,NCT04873401
10147017,DA050069-03,NCT04069624
10151601,DA050074-03,NCT04276792
10152577,DA050072-03,NCT04309565
10153744,DA049436-03,NCT03918850
10153744,DA049436-03,NCT04218201
10156320,MH113135-04S1,NCT03136094
10156594,NR019943-01,NCT04923334
10156633,MH112138-05S1,NCT03104504
10157227,MH115840-02S1,NCT04201184
10160255,DA050077-03S1,NCT04408313
10166251,CA189824-07S3,NCT01988571
10166251,CA189824-07S3,NCT02063828
10166251,CA189824-07S3,NCT02589938
10166251,CA189824-07S3,NCT02791581
10166251,CA189824-07S3,NCT02822573
10166251,CA189824-07S3,NCT03060096
10166251,CA189824-07S3,NCT03148080
10166251,CA189824-07S3,NCT03291587
10166251,CA189824-07S3,NCT03475186
10166251,CA189824-07S3,NCT03746314
10166251,CA189824-07S3,NCT03935282
10166251,CA189824-07S3,NCT03963739
10166251,CA189824-07S3,NCT03998202
10166251,CA189824-07S3,NCT04208490
10166251,CA189824-07S3,NCT04462302
10168176,DA050174-02,NCT04135703
10170501,HD095254-03S1,NCT01353313
10170501,HD095254-03S1,NCT01702805
10170501,HD095254-03S1,NCT01793129
10170501,HD095254-03S1,NCT02951130
10170501,HD095254-03S1,NCT03169881
10170501,HD095254-03S1,NCT03340727
10170501,HD095254-03S1,NCT03456336
10170518,AT010799-01S2,NCT04248933
10173220,DA049436-02S2,NCT03918850
10173220,DA049436-02S2,NCT04218201
10174456,NS113661-02S1,NCT04085406
10175416,DK123812-01S1,NCT04571619
10175741,DA040316-06S4,NCT03559179
10175741,DA040316-06S4,NCT04198428
10175741,DA040316-06S4,NCT04345718
10175741,DA040316-06S4,NCT04867382
10175741,DA040316-06S4,NCT04921787
10177211,DA050072-02S2,NCT04309565
10178740,DA050325-02S1,NCT04199728
10202826,AR076734-01S1,NCT04870957
10204264,DA050235-02,NCT04617938
10208052,DK123787-01S1,NCT04571619
10208334,DA050234-02,NCT04839978
10209094,DA050250-02,NCT04678960
10210513,AG067593-02,NCT04570371
10212519,DA050398-02,NCT05006846
10212519,DA050398-02,NCT05017272
10212539,DA050173-02,NCT04550715
10216519,AR076568-02,NCT04747314
10216546,AR076573-02,NCT04409353
10217509,DA044279-03,NCT04752189
10219462,AT010606-03,NCT04712981
10219647,CA189824-07S2,NCT01988571
10219647,CA189824-07S2,NCT02063828
10219647,CA189824-07S2,NCT02589938
10219647,CA189824-07S2,NCT02791581
10219647,CA189824-07S2,NCT02822573
10219647,CA189824-07S2,NCT03060096
10219647,CA189824-07S2,NCT03148080
10219647,CA189824-07S2,NCT03291587
10219647,CA189824-07S2,NCT03475186
10219647,CA189824-07S2,NCT03746314
10219647,CA189824-07S2,NCT03935282
10219647,CA189824-07S2,NCT03963739
10219647,CA189824-07S2,NCT03998202
10219647,CA189824-07S2,NCT04208490
10219647,CA189824-07S2,NCT04462302
10223257,DA050398-03,NCT05006846
10223257,DA050398-03,NCT05017272
10224964,DA047926-02S1,NCT04222556
10224983,DA050235-02S1,NCT04617938
10224988,NS115111-02,NCT05045625
10236607,AG067493-02,NCT04523714
10239201,NS115631-03,NCT04144972
10239279,AT010621-02,NCT04129450
10249370,NS115111-03,NCT05045625
10250448,AT009763-05,NCT04172038
10250448,AT009763-05,NCT04770480
10250564,DA044279-04,NCT04752189
10250682,DA051241-02,NCT04648228
10252066,DA050235-03,NCT04617938
10252951,DA050234-03,NCT04839978
10253179,AT010604-01S1,NCT04080180
10253179,AT010604-01S1,NCT04464421
10253179,AT010604-01S1,NCT04693416
10253179,AT010604-01S1,NCT05075330
10253180,AT010806-01S1,NCT04736550
10253306,AR076387-02,NCT04683042
10258046,AR076568-02S1,NCT04747314
10258492,AR077360-02,NCT04504812
10259507,DA049300-02,NCT04834297
10259870,DA051241-03,NCT04648228
10262845,HD102038-02,NCT04637802
10263299,AG067593-03,NCT04570371
10264127,AG067493-03,NCT04523714
10265606,AT010621-03,NCT04129450
10267739,AR076573-03,NCT04409353
10267746,AR076568-03,NCT04747314
10268237,DA053011-02,NCT04838925
10271400,AR077360-03,NCT04504812
10333110,DA047720-03,NCT03810495
10350470,AR076573-03S2,NCT04409353
10351640,DA049412-03S2,NCT04111939
10352674,AR077360-03S1,NCT04504812
10352954,DA050174-02S2,NCT04135703
10353177,DA049394-01S1,NCT04111939
10358190,DA047926-03S1,NCT04222556
10358343,DA040316-07S1,NCT03559179
10358343,DA040316-07S1,NCT04198428
10358343,DA040316-07S1,NCT04345718
10358343,DA040316-07S1,NCT04867382
10358343,DA040316-07S1,NCT04921787
10372803,DA046316-02S1,NCT04683926
10376890,DA048502-01A1S2,NCT04556552
10379688,DA013035-20S3,NCT02032433
10379688,DA013035-20S3,NCT04218201
10379688,DA013035-20S3,NCT04289363
10379688,DA013035-20S3,NCT04464980
10379688,DA013035-20S3,NCT04762537
10379689,DA013035-20S1,NCT02032433
10379689,DA013035-20S1,NCT04218201
10379689,DA013035-20S1,NCT04289363
10379689,DA013035-20S1,NCT04464980
10379689,DA013035-20S1,NCT04762537
10379690,DA013035-20S2,NCT02032433
10379690,DA013035-20S2,NCT04218201
10379690,DA013035-20S2,NCT04289363
10379690,DA013035-20S2,NCT04464980
10379690,DA013035-20S2,NCT04762537
10379692,DA013720-22S1,NCT03918850
10379694,DA013727-22S1,NCT01675661
10379694,DA013727-22S1,NCT03918850
10379694,DA013727-22S1,NCT04907357
10379694,DA013727-22S1,NCT05123027
10379697,DA013732-22S1,NCT03911466
10379697,DA013732-22S1,NCT03911739
10379697,DA013732-22S1,NCT03918850
10379701,DA015815-20S1,NCT03918850
10379702,DA015815-20S2,NCT03918850
10379703,DA040314-07S1,NCT03407638
10379703,DA040314-07S1,NCT04535583
10379705,DA040316-07S2,NCT03559179
10379705,DA040316-07S2,NCT04198428
10379705,DA040316-07S2,NCT04345718
10379705,DA040316-07S2,NCT04867382
10379705,DA040316-07S2,NCT04921787
10379710,DA049436-03S2,NCT03918850
10379710,DA049436-03S2,NCT04218201
10379715,DA049468-03S2,NCT03918850
10380196,DA015831-20S1,NCT03023930
10380196,DA015831-20S1,NCT03918850
10380196,DA015831-20S1,NCT03985163
10380196,DA015831-20S1,NCT04200339
10380196,DA015831-20S1,NCT04225598
10380196,DA015831-20S1,NCT04464980
10380197,DA015831-20S2,NCT03023930
10380197,DA015831-20S2,NCT03918850
10380197,DA015831-20S2,NCT03985163
10380197,DA015831-20S2,NCT04200339
10380197,DA015831-20S2,NCT04225598
10380197,DA015831-20S2,NCT04464980
10387466,DA040309-07S1,NCT04155502
10387466,DA040309-07S1,NCT04289363
10387466,DA040309-07S1,NCT04535583
10395664,AR076734-01S2,NCT04870957
10397259,DA050173-02S1,NCT04550715
10398444,AR076734-01S4,NCT04870957
10399783,AT010621-03S2,NCT04129450
10399907,DA049468-03S3,NCT03918850
10400316,AR077360-03S2,NCT04504812
10400340,CA189824-08S2,NCT01988571
10400340,CA189824-08S2,NCT02063828
10400340,CA189824-08S2,NCT02589938
10400340,CA189824-08S2,NCT02791581
10400340,CA189824-08S2,NCT02822573
10400340,CA189824-08S2,NCT03060096
10400340,CA189824-08S2,NCT03148080
10400340,CA189824-08S2,NCT03291587
10400340,CA189824-08S2,NCT03475186
10400340,CA189824-08S2,NCT03746314
10400340,CA189824-08S2,NCT03935282
10400340,CA189824-08S2,NCT03963739
10400340,CA189824-08S2,NCT03998202
10400340,CA189824-08S2,NCT04208490
10400340,CA189824-08S2,NCT04462302
10400379,HD101059-01S2,NCT04149509
10400468,AR076573-03S1,NCT04409353
10401158,DA013714-20S3,NCT03023930
10401158,DA013714-20S3,NCT03918850
10401158,DA013714-20S3,NCT04418453
10406102,NS115111-03S1,NCT05045625
10414223,HD101059-01S3,NCT04149509
10415416,AR076734-01S3,NCT04870957
10426755,AR081143-01,NCT04504812
10434255,HD036801-24S1,NCT02518594
10434255,HD036801-24S1,NCT02901626
10434255,HD036801-24S1,NCT03364491
10434255,HD036801-24S1,NCT03487185
10434255,HD036801-24S1,NCT03944512
10434255,HD036801-24S1,NCT04296396
10436556,NS126861-01,NCT04367480
10440189,DA050235-03S1,NCT04617938
10441666,DA050189-03,NCT04901312
10441986,DA013732-22S3,NCT03911466
10441986,DA013732-22S3,NCT03911739
10441986,DA013732-22S3,NCT03918850
10450554,DA015831-20S5,NCT03023930
10450554,DA015831-20S5,NCT03918850
10450554,DA015831-20S5,NCT03985163
10450554,DA015831-20S5,NCT04200339
10450554,DA015831-20S5,NCT04225598
10450554,DA015831-20S5,NCT04464980
10454450,CA189824-08S1,NCT01988571
10454450,CA189824-08S1,NCT02063828
10454450,CA189824-08S1,NCT02589938
10454450,CA189824-08S1,NCT02791581
10454450,CA189824-08S1,NCT02822573
10454450,CA189824-08S1,NCT03060096
10454450,CA189824-08S1,NCT03148080
10454450,CA189824-08S1,NCT03291587
10454450,CA189824-08S1,NCT03475186
10454450,CA189824-08S1,NCT03746314
10454450,CA189824-08S1,NCT03935282
10454450,CA189824-08S1,NCT03963739
10454450,CA189824-08S1,NCT03998202
10454450,CA189824-08S1,NCT04208490
10454450,CA189824-08S1,NCT04462302
10454583,DA048734-03,NCT03789214
10462326,HD101059-01S4,NCT04149509
10467167,DA056230-02,NCT04173416
10469886,DK123813-01S2,NCT04571619
10471577,NR019943-02,NCT04923334
10474683,AT010604-02,NCT04464421
10474683,AT010604-02,NCT04693416
10474683,AT010604-02,NCT05075330
10474728,DA013035-20S5,NCT02032433
10474728,DA013035-20S5,NCT04218201
10474728,DA013035-20S5,NCT04289363
10474728,DA013035-20S5,NCT04464980
10474728,DA013035-20S5,NCT04762537
10478434,AT010606-03S1,NCT04712981
10479208,AT010802-02,NCT04233671
